Male,Asian,White,Black,top,right,bottom,left
0.0296243640534245,0.0050542867573192705,0.9565969773929042,0.0007352165333783644,76,760,461,375
