Male,Asian,White,Black,top,right,bottom,left
0.9666917669533469,0.005798659590975901,0.17873422798655014,0.0025701974708535412,53,196,182,67
