Male,Asian,White,Black,top,right,bottom,left
0.22922837286727046,0.012006828341600507,0.12202172763056396,0.05993897868766852,162,461,547,76
