Male,Asian,White,Black,top,right,bottom,left
0.20944745711712762,0.002480965897102476,0.8886148451653567,0.008397903855061048,71,780,869,0
