Male,Asian,White,Black,top,right,bottom,left
0.9948293417055564,0.0013242668969996312,0.12765314040954032,0.006969903417020603,162,803,547,418
