Male,Asian,White,Black,top,right,bottom,left
0.9708267063910226,0.020852902915460273,0.49401638100415,0.014141953993795803,77,469,263,283
