Male,Asian,White,Black,top,right,bottom,left
0.9788875628351099,0.7514961296663597,0.1395718767245548,0.019660718519195392,480,788,1035,233
