Male,Asian,White,Black,top,right,bottom,left
0.8858597187849797,0.7489169721489752,0.04384804601898824,0.06684699835983249,98,262,284,77
