Male,Asian,White,Black,top,right,bottom,left
0.07543725973777032,0.900722229154986,0.04416794675187192,0.0004476879739567781,77,262,263,77
