Male,Asian,White,Black,top,right,bottom,left
0.8739643412266124,0.03963676592544147,0.02144427225895791,0.019475358632517394,206,419,527,98
