Male,Asian,White,Black,top,right,bottom,left
0.029159946116565534,0.7982252176701742,0.011899773002487395,0.12576317056908706,248,1490,1047,691
