Male,Asian,White,Black,top,right,bottom,left
0.20550692100842702,0.007215277549689701,0.06789075141022446,0.025753315742571004,142,489,365,266
