Male,Asian,White,Black,top,right,bottom,left
0.9543386303396934,0.007374288692657658,0.20646806494774803,0.008042875641942176,563,365,786,142
