Male,Asian,White,Black,top,right,bottom,left
0.7022793382611161,0.0030368017619163573,0.3354266618085997,0.0019158148187789171,528,438,795,171
