Male,Asian,White,Black,top,right,bottom,left
0.9464321058312165,0.0008981794657031048,0.0765964054922818,0.27313687260726793,376,504,761,118
