Male,Asian,White,Black,top,right,bottom,left
0.6742225270953234,0.0033402101915022387,0.37932371976193036,0.0071524494861568855,676,438,944,171
