Male,Asian,White,Black,top,right,bottom,left
0.9382203422833737,0.0021976679167975233,0.09583021540834219,0.18187629876611908,527,455,848,134
