Male,Asian,White,Black,top,right,bottom,left
0.9626179004094209,0.01993356589002463,0.4064480541989671,0.01415144060253977,125,368,254,239
