Male,Asian,White,Black,top,right,bottom,left
0.9494324020264436,0.008302424852900768,0.40602154533328394,0.012271723642173734,153,397,282,268
