Male,Asian,White,Black,top,right,bottom,left
0.9575359168686756,0.013725458511547292,0.6185707279609522,0.0033686218729537007,125,368,254,239
