Male,Asian,White,Black,top,right,bottom,left
0.7556936707746081,0.0017100734311908457,0.6228014534018529,0.006345595894014432,219,408,374,253
