Male,Asian,White,Black,top,right,bottom,left
0.9357025011081246,0.0012493175923881362,0.7675342389176641,0.0016243233374793812,196,368,325,239
