Male,Asian,White,Black,top,right,bottom,left
0.9334425319524909,0.005431440800849323,0.4499094607175175,0.0033082192116669477,211,368,340,239
