Male,Asian,White,Black,top,right,bottom,left
0.9705755279251799,0.008090587953153585,0.5702782158564332,0.003364811183587672,110,382,239,253
