Male,Asian,White,Black,top,right,bottom,left
0.8852076586988001,0.008172719518932982,0.43630848983722476,0.009072884396518372,139,368,268,239
