Male,Asian,White,Black,top,right,bottom,left
0.8711327306794758,0.0008252759560358778,0.8682992624661242,0.0020674561642703027,182,354,311,225
