Male,Asian,White,Black,top,right,bottom,left
0.9686173819633636,0.007224596213978876,0.3158796648155934,0.011118140970799804,184,425,339,270
