Male,Asian,White,Black,top,right,bottom,left
0.9367957711776344,0.0008384143299353445,0.8391570604581597,0.0020898558755776627,236,408,391,253
