Male,Asian,White,Black,top,right,bottom,left
0.9688803115033359,0.0056203786347284535,0.6320711733529844,0.002336266739648827,110,368,239,239
