Male,Asian,White,Black,top,right,bottom,left
0.9411502807094931,0.004756115051461666,0.5139439315464949,0.0029067829073124644,196,368,325,239
