Male,Asian,White,Black,top,right,bottom,left
0.9638179081227756,0.012509535165083024,0.49185462795212065,0.00780217813988466,125,368,254,239
