Male,Asian,White,Black,top,right,bottom,left
0.9679716670093993,0.0016631683227937254,0.0045268869036919745,0.7556207178023993,98,283,284,97
